Unnamed: 0,textID,selected_text,text,sentiment,eqs,is_link
9,37bcad24ca,what did you get? my day is alright.. haven`t done anything yet. leaving soon to my stepsister though!,what did you get?  my day is alright.. haven`t done anything yet. leaving soon to my stepsister though!,neutral,False,False
11,43b390b336,i checked. we didn`t win,i checked.  we didn`t win,neutral,False,False
37,3d2478db59,so i really need to put the laptop down & start getting ready for shindig...but i`ve missed my twitterloves all day,so i really need to put the laptop down & start getting ready for  shindig...but i`ve missed my twitterloves all day,neutral,False,False
43,ef7ef8e474,i`m only updating this so that brett`s phone beeps but really.. looking at wedding stuff. again.for the next five months.,i`m only updating this so that brett`s phone beeps  but really.. looking at wedding stuff. again.for the next five months.,neutral,False,False
46,67afe60d31,i miss my old phone it worked so good until i dropped it i want a new one for my birthday...,i miss my old phone it worked so good until i dropped it  i want a new one for my birthday...,neutral,False,False
56,71f4a9b495,u so dirrrrrty... why oh why did i pick the hawks i figured i needed a longshot and they were a better bet than car,u so dirrrrrty... why oh why did i pick the hawks  i figured i needed a longshot and they were a better bet than car,neutral,False,False
58,77f88ea9e2,"reality needs to check in. schools over. time to party not tonight tho, im going to bed. night, night.","reality needs to check in. schools over. time to party  not tonight tho, im going to bed. night, night.",neutral,False,False
61,2dbb28cc29,"_xo dang it, so its not certain ? ? ? are you okay?","_xo   dang it, so its not certain ? ? ? are you okay?",neutral,False,False
62,a7e4ad250a,change of plans. i am staying in brandon. no papaya salad for me.,change of plans. i am staying in brandon.  no papaya salad for me.,neutral,False,False
73,38e69da3a1,"oherr it`s soon then, do you have plans? i had a party on saturday x","oherr it`s soon then, do you have plans? i had a party on saturday  x",neutral,False,False
89,5ffb19ae8f,gnight shar <(` `<)vega(>` `)>,gnight shar   <(` `<)vega(>` `)>,neutral,False,False
93,2afe118dc3,i can`t call mitch! im from sweden!,i can`t call mitch!  im from sweden!,neutral,False,False
100,f9382a1f7b,"oooh, sunshine! a patch of sunshine! and it will be gone by the time i leave work and replaced with rain. /vent","oooh, sunshine! a patch of sunshine! and it will be gone by the time i leave work and replaced with rain.  /vent",neutral,False,False
107,c8307a482d,learning tat the scenic way din plan to go town but somehow was herded there?,learning tat the scenic way  din plan to go town but somehow was herded there?,neutral,False,False
122,4a65010643,riley hacked my twitter! hahaha :],riley hacked my twitter!  hahaha :],neutral,False,False
123,1b460c82f0,big sad face bing doesn`t work on iphone. it just takes you to the regular mobile live search.,big sad face   bing doesn`t work on iphone.  it just takes you to the regular mobile live search.,neutral,False,False
125,410dd99aa3,man im so sad school is ending but then again high school might be better :o,man im so sad school is ending  but then again high school might be better :o,neutral,False,False
133,c672c9da1d,voted for on cmt.com,voted for  on cmt.com,neutral,False,False
138,0d29624200,"i <3 rupert grint......& of the boy, ive accepted tht i do fancy him but im certain he doesnt feel the same so its not worth telling him","i <3 rupert grint......& of the boy, ive accepted tht i do fancy him  but im certain he doesnt feel the same so its not worth telling him",neutral,False,False
154,37771d1bc1,_celeste finally some sleep in silence,_celeste  finally some sleep in silence,neutral,False,False
155,fa99046452,im just up :-| and its 12:43 :o im so lazy thank god its a bank holiday,im just up :-| and its 12:43 :o  im so lazy thank god its a bank holiday,neutral,False,False
158,2053a455e9,yes! im down to 50% full on my dvr i was at 98% like 3 days ago... lol i swear if i didnt have a dvr i would never watch tv,yes! im down to 50% full on my dvr  i was at 98% like 3 days ago... lol i swear if i didnt have a dvr i would never watch tv,neutral,False,False
177,7c2fcb712e,**** lol....where u headed to?,****  lol....where u headed to?,neutral,False,False
183,9407ce6ccc,*sighs* ah well. maybe my second email will clear it up and get him approved.,*sighs* ah well.  maybe my second email will clear it up and get him approved.,neutral,False,False
184,820f19ca44,"missed all your tweets again joe, **** that time difference!!! (uk) dont 4get about your fave supporters in the uk!!! ****","missed all your tweets again joe, **** that time difference!!! (uk) dont 4get about your fave supporters in the uk!!!  ****",neutral,False,False
192,c87be630b5,yup theory is great but the reality is beyond imagination... i also made the same planning not knowing vs will fail on me,yup theory is great but the reality is beyond imagination...  i also made the same planning not knowing vs will fail on me,neutral,False,False
195,03bb148b87,"'i don`t like monday, i wish it were sunday, cause that`s my fun day.' that was my freaking jam when i was little. i miss it.","'i don`t like monday, i wish it were sunday, cause that`s my fun day.'  that was my freaking jam when i was little.   i miss it.",neutral,False,False
210,45cf9ba329,back from town and my mac crashed on me but it`s better now,back from town and my mac crashed on me  but it`s better now,neutral,False,False
224,be33b5cb9a,again working on the internet shop ... don`t think we will achieve the goal of uploading by the previously set time will keep going,again working on the internet shop ... don`t think we will achieve the goal of uploading by the previously set time   will keep going,neutral,False,False
246,b9ec075666,bought three books!! yipee!! now who`s with me on that read-ten-books-during-the-summer thing?,bought three books!! yipee!!  now who`s with me on that read-ten-books-during-the-summer thing?,neutral,False,False
252,0b1fad03e9,"i know dude, i`m doing re-runs, making jenny watch them now too so we can have conversations lol. haven`t been online much","i know dude, i`m doing re-runs, making jenny watch them now too so we can have conversations lol.  haven`t been online much",neutral,False,False
253,2c72a5582a,what about me ?? i vote every day for you !!!!!,what about me ??  i vote every day for you !!!!!,neutral,False,False
255,1e0416ec46,"just rocked home from maccas, and now signing a petition for big bang to tour aus lol","just rocked home from maccas, and now signing a petition for big bang to tour aus  lol",neutral,False,False
261,5f80970983,yay doctors now interview then back 2 the doctor`s for blood work,yay doctors  now interview then back 2 the doctor`s for blood work,neutral,False,False
280,0f93ebfb23,"lol, get watching it again hehe","lol, get watching it again  hehe",neutral,False,False
300,8f0bafc9dc,"in effect, your podcast is the audio version of your book. isn`****? (plus, it has the added charm of banter )","in effect, your podcast is the audio version of your book. isn`****? (plus, it has the added charm of banter  )",neutral,False,False
302,04d3c2d056,browsing find everything about university & interior design.,browsing  find everything about university & interior design.,neutral,False,False
303,8bbaca6e4b,i have not tweeted for sixteen days! i miss it =( i`ve been having fun though! =d ingrid on mon was frakking awesome bbq today!,i have not tweeted for sixteen days! i miss it =( i`ve been having fun though! =d ingrid on mon was frakking awesome  bbq today!,neutral,False,False
304,4a9529e753,visit si fr joemar dito bataan (frm camiguin) & sum of my ofcmates& i are supposed to meet him this saturday can`t luwas,visit si fr joemar dito bataan (frm camiguin) & sum of my ofcmates& i are supposed to meet him this saturday  can`t luwas,neutral,False,False
312,426cb788e5,gonna go and see my sister at mount sinai .... she`s there for at least another 24 hours.,gonna go and see my sister at mount sinai ....  she`s there for at least another 24 hours.,neutral,False,False
323,5aa8a5280f,i knooww & my hot water bottle iss in whangamata without me. ahhhhh,i knooww  & my hot water bottle iss in whangamata without me. ahhhhh,neutral,False,False
337,5999397144,undervote is just going on i`m all overalled up,undervote is just going on  i`m all overalled up,neutral,False,False
364,97cd2255be,hi ho hi ho it`s off to work we go,hi ho  hi ho it`s off to work we go,neutral,False,False
383,2cbc372326,so now we`ll pay more in sales tax...great. even worse mom and pop businesses have to double what they pay in business licenses.,so now we`ll pay more in sales tax...great.  even worse mom and pop businesses have to double what they pay in business licenses.,neutral,False,False
393,109b636fa5,i thought was against licensing stores bc it takes away from the experience they want to provide,i thought  was against licensing stores bc it takes away from the experience they want to provide,neutral,False,False
394,cc29d748cb,_a_michael it doesn`t look like you`re tired in the pic. don`t work too hard.,_a_michael it doesn`t look like you`re tired in the pic.  don`t work too hard.,neutral,False,False
399,8a1bf14c15,"well i will be making beds, creating noise & cleaning cleaning all day long. with music & a smile x","well i will be making beds, creating noise & cleaning cleaning all day long.  with music & a smile  x",neutral,False,False
418,47f11efc72,this creepy guy when i was walking the dog i`ve had my fill of creepers for the day,this creepy guy when i was walking the dog  i`ve had my fill of creepers for the day,neutral,False,False
427,0fe049b7ea,someone out there will soon be the lucky recipient of my 5000th tweet. oh wait. ****. this was it!,someone out there will soon  be the lucky recipient of my 5000th tweet. oh wait. ****. this was it!,neutral,False,False
437,d17a3a37e1,"kelly kelly pays your bills @ 12:15, kaden pays em @ 5:15 and just wants you to follow him. lol he dosent get to pay bills","kelly kelly pays your bills @ 12:15, kaden pays em @ 5:15 and  just wants you to follow him. lol he dosent get to pay bills",neutral,False,False
449,c6d6fbb9a6,hello again how`d ur saturday go?,hello again  how`d ur saturday go?,neutral,False,False
455,dd3cd66574,going to bed after the cavs game don`t judge me lol,going to bed after the cavs game  don`t judge me lol,neutral,False,False
498,fc0b053a31,i can`t belive you only have one episode to go ****,i can`t belive you only have one episode to go  ****,neutral,False,False
499,9f2a0b0b2f,you can also watch family guy online. www.fancast.com and yes i am a total shill.,you can also watch family guy online. www.fancast.com  and yes i am a total shill.,neutral,False,False
501,2492330594,not excited for 32 people reservation in the morning **** lovin halo3 right now for sure too,not excited for 32 people reservation in the morning  **** lovin halo3 right now for sure too,neutral,False,False
516,d50a4dc3bf,bird poo update... managed to clean it all off but some slight stainage remains any tips?,bird poo update... managed to clean it all off but some slight stainage remains  any tips?,neutral,False,False
539,9a27ba671e,you should see our floors before you make that offer. let me know if you don`t receive a call soon.,you should see our floors before you make that offer.  let me know if you don`t receive a call soon.,neutral,False,False
550,c6322a85c2,_layne hmm.. what`s ur fav movie?? tv shows??,_layne  hmm.. what`s ur fav movie?? tv shows??,neutral,False,False
555,06ae0360a2,"sadly no, i`ll be going to the killumbus show. i really want to but no one wants to drive me there","_walker21 sadly no, i`ll be going to the killumbus show. i really want to but no one wants to drive me there",neutral,False,False
562,92c4eadecf,just got in a fight and kicked out of the bar. at least i knocked him out. have a fat lip though. pulled another number,just got in a fight and kicked out of the bar. at least i knocked him out. have a fat lip though.  pulled another number,neutral,False,False
564,1b5dea3fe9,"early bird gets the worm. and in my case, birder gets to witness the carnage.","early bird gets the worm.  and in my case, birder gets to witness the carnage.",neutral,False,False
580,303a1773cf,every day of my life lately. i feel ya girl <3,every day of my life lately.    i feel ya girl <3,neutral,False,False
586,a7506a67a4,_witty yes france/belgium was good carnt belive how much traffic we hit on the way back,_witty  yes france/belgium was good  carnt belive how much traffic we hit on the way back,neutral,False,False
601,5a2393940b,i need a bear hug and im going to camp today!!,i need a bear hug  and im going to camp today!!,neutral,False,False
620,ef60a2d1e7,"and clang rocks, so you`re using it, right? anyways, according to the comments it`s in apple`s gcc too, dunno how public tho","and clang rocks, so you`re using it, right?  anyways, according to the comments it`s in apple`s gcc too, dunno how public tho",neutral,False,False
627,86f3b2e352,whole body is sore from moving hundreds of pieces of luggage last weekend. guess i should visit the gym more often,whole body is sore from moving hundreds of pieces of luggage last weekend.   guess i should visit the gym more often,neutral,False,False
630,faaf6a6f64,i don`t even look at their fabric unless i need polar fleece. it`s worth the extra $ to go to needle and thread.,i don`t even look at their fabric unless i need polar fleece.   it`s worth the extra $ to go to needle and thread.,neutral,False,False
634,e0090fba83,watching the jobros live chat .. not live though haha.,watching the jobros live chat .. not live though  haha.,neutral,False,False
638,57ee48d640,the honesty`s to much........... sorry couldn`t resist;),the honesty`s to much...........  sorry couldn`t resist;),neutral,False,False
647,9fdac069e1,no phone i knew i should`ve charged it last night. sigh,no phone  i knew i should`ve charged it last night. sigh,neutral,False,False
666,c860b3f840,i hope that everyone has been having a great week. let me know if you think im crazy for hating coffee xd.,i hope that everyone has been having a great week.  let me know if you think im crazy for hating coffee xd.,neutral,False,False
668,935a3c2bf5,time to put the weapons on the charger for the night. sleep tight,time to put the weapons on the charger for the night.  sleep tight,neutral,False,False
672,10f2498c35,i want crimson gem saga. i will just go play rf guerilla demo repeatedly. i (mission failed - you died) so many times from dicking around,i want crimson gem saga.  i will just go play rf guerilla demo repeatedly. i (mission failed - you died) so many times from dicking around,neutral,False,False
674,4c086d6a58,will b having my last v tomorow will have2live off of apples n not caffeine ;( n have2cut down on chocolate bye bye chocy,will b having my last v tomorow   will have2live off of apples n not caffeine ;( n have2cut down on chocolate bye bye chocy,neutral,False,False
675,d6a8cee69b,i was awoken by loud banging and it continues all day good thing i got an early rest last night!,i was awoken by loud banging and it continues all day  good thing i got an early rest last night!,neutral,False,False
683,0e83e0955a,rt i have had few hearts the past few days on etsy boo hoo....totally the same for me too ((((((,rt i have had few hearts the past few days on etsy  boo hoo....totally the same for me too ((((((,neutral,False,False
707,0927b99040,actually workin from home tonight... you?,actually workin from home tonight...  you?,neutral,False,False
722,8ec2997024,your test works fine for me tweetdeck is so cool eh?,your test works fine for me  tweetdeck is so cool eh?,neutral,False,False
736,4f2e517832,off the a village may fayre now. bag packed ready to bring back home-made goodies.,off the a village may fayre now.  bag packed ready to bring back home-made goodies.,neutral,False,False
739,c41d259d60,- thanks for the reply. of course it doesn`t really explain it i googled it but found no explanation.,- thanks for the reply. of course it doesn`t really explain it  i googled it but found no explanation.,neutral,False,False
749,200f2b3566,"you shouldnt have to reset more than once if it doesn`t work right the first time, something is up","you shouldnt have to reset more than once  if it doesn`t work right the first time, something is up",neutral,False,False
754,ddfc2cc8b3,planing on going on a little ride on the mtb on monday may be in over to the tower...,planing on going on a little ride on the mtb on monday  may be in over to the tower...,neutral,False,False
755,0de656eac1,**** fiesta at my house in my mouth hit me up for the password,**** fiesta at my house in my mouth  hit me up for the password,neutral,False,False
775,0ea64bcbe6,yay my `only on sundays` maid came!! the house will be clean again!!!,yay  my `only on sundays` maid came!! the house will be clean again!!!,neutral,False,False
784,5389177883,_rain i wanna see her hair hows everyone?,_rain i wanna see her hair  hows everyone?,neutral,False,False
789,e6b380cd3d,"i almost said, 'and grammer no exist either' grunt. but i stopped myself","i almost said, 'and grammer no exist either' grunt.  but i stopped myself",neutral,False,False
801,434e673353,"home for the nite, sleeping on the pull out bed with maggie. wishing it was _durden i got to find a apt","home for the nite, sleeping on the pull out bed with maggie. wishing it was _durden  i got to find a apt",neutral,False,False
804,103459e206,sad about young love coming to an end they were sooo cute together!,sad about young love coming to an end  they were sooo cute together!,neutral,False,False
817,312868ebb2,hello you! you should totally go to the biggest shopping center in europe and we can go shopping together ****,hello you!  you should totally go to the biggest shopping center in europe and we can go shopping together   ****,neutral,False,False
819,55b8e44c02,selling my laptop for cheap if anyone`s interested! 17' toshiba 1.3gig ram,selling my laptop for cheap if anyone`s interested!  17' toshiba 1.3gig ram,neutral,False,False
828,c392253b42,nope no way in to stop just have to put up wiv it,nope no way in to stop  just have to put up wiv it,neutral,False,False
829,62f3e63c1a,i recommend returning your broken duck toy with the batteis it came with or the person who your giving it to may get mad!! trust me!,i recommend returning your broken duck toy with the batteis it came with or the person who your giving it to may get mad!!  trust me!,neutral,False,False
836,105b761a2c,i dont even know now lenaaa when you going clothes show?,i dont even know now lenaaa  when you going clothes show?,neutral,False,False
837,cca7cce9c8,_jane yay! buti nagustuhan nyo. isang bar lang enclosed ko sa mail. to test if matutunaw or hindi. next time uli.,_jane yay! buti nagustuhan nyo. isang bar lang enclosed ko sa mail.  to test if matutunaw or hindi. next time uli.,neutral,False,False
841,38148a3e98,"going to start very small, like $0.10 or $0.50 then slowly to higher stakes","going to start very small, like $0.10 or $0.50  then slowly to higher stakes",neutral,False,False
851,c7568067cd,"my anticipated meet up with tapan parikh is no more apparently he wont pass by nairobi, and will head straight from mombasa","my anticipated meet up with tapan parikh is no more  apparently he wont pass by nairobi, and will head straight from mombasa",neutral,False,False
854,f81d71d2c2,rest in peace adam 12 & glenn epps.... gone but never forgotten... what a week ...loud in da air 4 ya,rest in peace  adam 12 & glenn epps.... gone but never forgotten... what a week ...loud in da air 4 ya,neutral,False,False
857,1e41208494,"alas no, it`s just a normal night monday is quiz night","alas no, it`s just a normal night  monday is quiz night",neutral,False,False
862,c0d5be8bd4,but is right: this is like the cape breton coal mines but ++. no lessons learned.,but  is right: this is like the cape breton coal mines but ++. no lessons learned.,neutral,False,False
873,dd72ee1430,"_rose mornin` ! missed dance time, so i guess i will have to dance extra hard tomorrow...","_rose mornin` !  missed dance time, so i guess i will have to dance extra hard tomorrow...",neutral,False,False
888,7d933d9d21,"yeah, it`s terrible cockatoos are the hardest to live with, so emotional. good thing he found you, though!!","yeah, it`s terrible  cockatoos are the hardest to live with, so emotional. good thing he found you, though!!",neutral,False,False
894,e1a3e4575d,you`re the only person to have joined in #penilewords,you`re the only person to have joined in  #penilewords,neutral,False,False
901,69c36e5f81,"bucky, my ferret officially has insulinoma now on daily prednisone. had interview with p-doc today, have to go back monday for testing.","bucky, my ferret officially has insulinoma  now on daily prednisone. had interview with p-doc today, have to go back monday for testing.",neutral,False,False
920,0ce20ef06e,6 am. you?,6 am.  you?,neutral,False,False
925,7920a12924,i was just at geno`s 3hrs ago. would have went to pats but the neon lights got me lol. had drinks at south philly bar too,i was just at geno`s 3hrs ago.  would have went to pats but the neon lights got me lol.  had drinks at south philly bar too,neutral,False,False
930,7720aca199,"no, that`s not right - i remember now. you were in a fearless tweet - we were both seen as fearless.","no, that`s not right - i remember now.  you were in a fearless tweet - we were both seen as fearless.",neutral,False,False
937,7e82aab535,"actually, the web works fine. tweetdeck seems to be the culprit sadness! it`s done this at two diff. locations","actually, the web works fine. tweetdeck seems to be the culprit  sadness! it`s done this at two diff. locations",neutral,False,False
947,b8f7efe383,"i just about clear my whole office and no sign of it next place is truck, i have yet to fully clean under back seat lol!","i just about clear my whole office and no sign of it  next place is truck, i have yet to fully clean under back seat lol!",neutral,False,False
948,d2ca4e1d3c,it`s not gonna storm! because i said so!,it`s not gonna storm!  because i said so!,neutral,False,False
963,d3935b8571,it`s surprising how much billy idol turns up in tweets. i monitor constantly - not that i`m obsessed or anything! #billyidol,it`s surprising how much billy idol turns up in tweets. i monitor constantly - not that i`m obsessed or anything!  #billyidol,neutral,False,False
968,ed6bd3958e,night twitterland x i have to be up in five hours sigh,night twitterland x i have to be up in five hours  sigh,neutral,False,False
982,d6ce1fc670,boring? who you been talking to? lol not me ( no ****),boring? who you been talking to? lol not me  ( no ****),neutral,False,False
985,2418966865,i won`t be getting any rotf toys `till much later. tell me if anybody isn`t/is worth getting.,i won`t be getting any rotf toys `till much later.  tell me if anybody isn`t/is worth getting.,neutral,False,False
986,6247a1db0b,heading over to xbox will go shopping 2morrow,heading over to xbox  will go shopping 2morrow,neutral,False,False
1004,483bb46b97,my new phrase is `you never doubt mo williams` six game win streak!,my new phrase is `you never doubt mo williams`   six game win streak!,neutral,False,False
1010,22df86426d,if i got paid by the hour i could retire by now do you have xbox live? i am thinking rock band,if i got paid by the hour i could retire by now  do you have xbox live? i am thinking rock band,neutral,False,False
1013,59159f2163,i`m still trying to see star trek! i`ll just have to woman up and go alone. bf is pretty much worthless anyway lol,i`m still trying to see star trek! i`ll just have to woman up and go alone. bf is pretty much worthless anyway  lol,neutral,False,False
1014,c7fc03de4d,"laws change in the 70s or 80s. i could really push it bcause gran from bathgate, but she was us citizen b4 dad born.","laws change in the 70s or 80s.   i could really push it bcause gran from bathgate, but she was us citizen b4 dad born.",neutral,False,False
1024,209de29f24,doing some test shooting later this afternoon. did i mention being in holland for an indie wine festival this week? my tongue is red.,doing some test shooting later this afternoon.  did i mention being in holland for an indie wine festival this week? my tongue is red.,neutral,False,False
1035,cf1739382c,i only hav 8 followers !,i only hav 8 followers                 !,neutral,False,False
1039,c6bc7536ef,yay for birthdays sadly my voice is almost gone :/ but it was a pretty good night!,yay for birthdays  sadly my voice is almost gone :/ but it was a pretty good night!,neutral,False,False
1045,c1dc0dd0f6,"twitters gettin a lil bit confusin... twitterific?twitdroid?twitterberry? i understant the txt bit tho lol ah well, twitters cool anyways","twitters gettin a lil bit confusin... twitterific?twitdroid?twitterberry? i understant the txt bit tho lol  ah well, twitters cool anyways",neutral,False,False
1071,c435fb9416,"i wish i had my ipod , i need some jonas . i miss their sexy voices jb forever !","i wish i had my ipod , i need some jonas . i miss their sexy voices  jb forever !",neutral,False,False
1112,cebe0fc8d3,i`ve come to the conclusion that lemongrass chicken tastes like lysol - so much for lunch!,i`ve come to the conclusion that lemongrass chicken tastes like lysol -  so much for lunch!,neutral,False,False
1125,2f136d0402,important person? who?,important person?  who?,neutral,False,False
1126,dc4fa42628,"that`s not what said i like you, too, though. is going steady with , though.....","that`s not what  said  i like you, too, though.  is going steady with , though.....",neutral,False,False
1144,50c0004af6,tiny.cc doesn`t seem to load for me i was thinking on going to the batting cages but apparently you gotta book in adv,tiny.cc doesn`t seem to load for me  i was thinking on going to the batting cages but apparently you gotta book in adv,neutral,False,False
1158,1914dd82b2,"he`s too old school for burnouts. just a lap around the track, like they used to. #nascar","he`s too old school for burnouts. just a lap around the track, like they used to.  #nascar",neutral,False,False
1159,51a31aa9a1,hannah slept here last night just gave her her 5:00 am bottle and she went right back to sleep but i`m up! lol,hannah slept here last night  just gave her her 5:00 am bottle and she went right back to sleep but i`m up! lol,neutral,False,False
1163,a5cee2035b,"everyone at my place tomorrow bonfire, tofu dogs, and austin powers.","everyone at my place tomorrow  bonfire, tofu dogs, and austin powers.",neutral,False,False
1166,b8a77cd14c,oks yes infact we had chatted earlier on n00b.in as well,oks  yes infact we had chatted earlier on n00b.in as well,neutral,False,False
1168,aab1caabf0,im sorry i wish that i was there instead (it would give you a good excuse to get away from him) hehe...i love you <3,im sorry  i wish that i was there instead (it would give you a good excuse to get away from him) hehe...i love you <3,neutral,False,False
1170,c26aabf505,how do you call that number from the uk ?? i really want to call u but i don`t know how to xxxxxx,how do you call that number from the uk ??  i really want to call u but i don`t know how to  xxxxxx,neutral,False,False
1173,1f2a8f57c9,"ah, i thought management fiat was your own fiat oh well... and... shripriya (or shri if one must shorten it).","ah, i thought management fiat was your own fiat  oh well... and... shripriya (or shri if one must shorten it).",neutral,False,False
1185,c032793654,princess sakura is mine therefor i want to use it on tj! grr,princess sakura is mine  therefor i want to use it on tj! grr,neutral,False,False
1190,11b14ae498,"gonna go 2 bed now, night tweeters , dont think about me when you sleep ;) hahah nite all","gonna go 2 bed now, night tweeters  , dont think about me when you sleep ;) hahah nite all",neutral,False,False
1196,5c0e819f2b,"i think it`ll be more like a casual attendance instead of a review, as there might not be another issue of felix by then. thanks.","i think it`ll be more like a casual attendance instead of a review, as there might not be another issue of felix by then.  thanks.",neutral,False,False
1197,462978616d,"your pic didn`t show up for me boo!!!! all the other pics on that site show up, but not yours","your pic didn`t show up for me  boo!!!! all the other pics on that site show up, but not yours",neutral,False,False
1216,65e715d6e5,"i`ve been there. the only place i have flown out of since moving up north. really pretty area for flying, but very expensive","i`ve been there.  the only place i have flown out of since moving up north. really pretty area for flying, but very expensive",neutral,False,False
1221,ffcd5cb36e,11:11 pm perrrfect universal alignment. <33,11:11 pm perrrfect universal alignment.    <33,neutral,False,False
1229,a4bb5d0c5c,officially booked for seattle with and it`s going to be the best birthday weekend ever! :you made me sad,officially booked for seattle with  and  it`s going to be the best birthday weekend ever!   :you made me sad,neutral,False,False
1231,01f2c9bae6,"_m awww, our mother`s day has been and gone :o(. no work today, off out witht he camera in a little while, hopefully","_m awww, our mother`s day has been and gone :o(.  no work today, off out witht he camera in a little while, hopefully",neutral,False,False
1242,b86fe0c61a,"so tonights tv viewing, bgt or hignfy and reggie perrin? wont be tweeting however as minic has hidden ipod","so tonights tv viewing, bgt or hignfy and reggie perrin? wont be tweeting however as  minic has hidden ipod",neutral,False,False
1244,ec00ec25c7,has dislocated her knee *bad/painful times* gas + air and morphine are fun though,has dislocated her knee  *bad/painful times* gas + air and morphine are fun though,neutral,False,False
1250,639aeb628f,"according to mary chaayaa, i look like a sexy emo in my dp i not emo.","according to mary chaayaa, i look like a sexy emo in my dp  i not emo.",neutral,False,False
1266,fdc09f2f0b,what does 'drink responsibly' mean to you? please share a tip (or two if you`re drunk right now ),what does 'drink responsibly' mean to you? please share a tip (or two if you`re drunk right now  ),neutral,False,False
1270,7a83b8c7e2,i feel sorry for my bestie good luck ali!,i feel sorry for my bestie  good luck ali!,neutral,False,False
1271,66762b14cd,i need one of these! was just thinking about it earlier today as i downloaded pictures via usb. #evernote_eyefi,i need one of these! was just thinking about it earlier today as i downloaded pictures via usb.  #evernote_eyefi,neutral,False,False
1274,4d31092a19,ive totally not got that job i can just tell.,ive totally not got that job  i can just tell.,neutral,False,False
1276,74450e128f,eek can`t wait to see it!! as well as everyone elses. gahh i don`t know what i want lol,eek can`t wait to see it!! as well as everyone elses. gahh i don`t know what i want  lol,neutral,False,False
1289,53dbbbdf7d,_ember yay! thanks. cover-i sad ang alist please. ),_ember yay! thanks.  cover-i sad ang alist please. ),neutral,False,False
1315,12b499b4ca,i had walkathon this morning. and i`m among the first who arrived at the finishing line!,i had walkathon this morning.  and i`m among the first who arrived at the finishing line!,neutral,False,False
1318,f3933c4b73,bitter? why? *hug* ****,bitter?  why? *hug* ****,neutral,False,False
1324,abc7f39d90,i`m having lunch already ur a lil late buddy!,i`m having lunch already  ur a lil late buddy!,neutral,False,False
1329,a5640db7a7,sorry jj i missed that post i`ll make sure do so next time.,sorry jj i missed that post  i`ll make sure do so next time.,neutral,False,False
1342,f734459c4c,i hope he does ; join and you`ll find one,i hope he does ; join  and you`ll find one,neutral,False,False
1351,dae7a3eeb1,just thought about my hubby being deployed n now i got the blues i need a stiff drink but i`m breastfeeding so no booze for me :/ ugh!!,just thought about my hubby being deployed n now i got the blues  i need a stiff drink but i`m breastfeeding so no booze for me :/ ugh!!,neutral,False,False
1365,4baf1c6930,im having trouble finding really yummy egg free ice-cream #favoriteicecream - got any recommendations anyone?,im having trouble finding really yummy egg free ice-cream   #favoriteicecream - got any recommendations anyone?,neutral,False,False
1366,d409e4ce46,on my tea break cant wait to drive home tonite!!,on my tea break  cant wait to drive home tonite!!,neutral,False,False
1371,c99820b355,o.k i feel like i need to cry now i can`t believe that in less than 2 years ill be walking across the stage to get a high school diploma!,o.k i feel like i need to cry now  i can`t believe that in less than 2 years ill be walking across the stage to get a high school diploma!,neutral,False,False
1372,4841c38e53,just got a ipod touch downloading apps for it now.,just got a ipod touch  downloading apps for it now.,neutral,False,False
1383,aaf69acf6f,my 3yo just woke and groggily walked over to my office. is now sleeping in my lap,my 3yo just woke and groggily walked over to my office.  is now sleeping in my lap,neutral,False,False
1386,51f56d7464,still sick bout to play some ps3 till the laker game starts,still sick  bout to play some ps3 till the laker game starts,neutral,False,False
1392,3bd6b2df8c,"glad you like it took around 2 and a half hours, would have been less but i kept stopping for food breaks haha i was","glad you like it  took around 2 and a half hours, would have been less but i kept stopping for food breaks haha  i was",neutral,False,False
1397,5c8a453297,my head hurts.... can wait to see the new photoshoot!!!!!!!,my head hurts....  can wait to see the new photoshoot!!!!!!!,neutral,False,False
1404,f61ae5403a,"it`s 12am! , and i are still up, sending you as much tweets as we can! philippines tour please?","it`s 12am! ,  and i are still up, sending you as much tweets as we can! philippines tour please?",neutral,False,False
1408,bd5f768159,is excited about tomorrow!!! but i gotta clean the house clean clean clean ahhhhhhh,is excited about tomorrow!!! but i gotta clean the house  clean clean clean ahhhhhhh,neutral,False,False
1441,d138ab0b3a,"it is certainly spring in vail, co. it is raining and snowing! doesn`t mother nature know the mountain is closed for the ski season!","it is certainly spring in vail, co.  it is raining and snowing!  doesn`t mother nature know the mountain is closed for the ski season!",neutral,False,False
1457,112da4faa0,gonna go and see my sister at mount saini .... she`s there for at least another 24 hours.,gonna go and see my sister at mount saini ....  she`s there for at least another 24 hours.,neutral,False,False
1470,62dd5efb10,-g`mornin` twitterville took the day off from tweet`n yesterday & i`m 'jonesing' to get back into it today,-g`mornin` twitterville  took the day off from tweet`n yesterday & i`m 'jonesing' to get back into it today,neutral,False,False
1477,bb96cfef66,booooo my senior yearbook sucks thanks for the memories bhs -___-,booooo  my senior yearbook sucks thanks for the memories bhs -___-,neutral,False,False
1496,fb6110efb9,raaaaaaaaaaagh early morning and its not even early!! must leave for work in 6 minutes...,raaaaaaaaaaagh early morning  and its not even early!! must leave for work in 6 minutes...,neutral,False,False
1503,d7b287d1e7,where r all the 5am tweets from people...oh that`s right...they opened the #houseofrock last night so they`re still in bed,where r all the 5am tweets from  people...oh that`s right...they opened the #houseofrock last night so they`re still in bed,neutral,False,False
1504,67ff57361c,working on canada shoots information. coming your way soon if you have expressed interest and i have your email address . eh!!!,working on canada shoots information.  coming your way soon if you have expressed interest and i have your email address . eh!!!,neutral,False,False
1510,12b631ca7b,"thank you! i was just playing that a moment ago, actually! a very different, even more chill version. *spooky*! haha.","thank you! i was just playing that a moment ago, actually! a very different, even more chill version.  *spooky*! haha.",neutral,False,False
1521,dd3dbdf77e,hi ms. fussy *waves*,hi ms. fussy  *waves*,neutral,False,False
1577,910a250227,cant find my shoes. :/ hope its as bad as itll get 2nite. im happy.,cant find my shoes. :/ hope its as bad as itll get 2nite.  im happy.,neutral,False,False
1585,eabaf375f4,i must have viewed that picture of me and from saturday morning about a milling times x,i must have viewed that picture of me and  from saturday morning about a milling times  x,neutral,False,False
1589,666f836b32,_rockstar umm how bout em?..aint get 2 see da game but i see dey survived anotha game of da series due to notin but lebron im guessin,_rockstar umm how bout em?..aint get 2 see da game  but i see dey survived anotha game of da series due to notin but lebron im guessin,neutral,False,False
1590,6e41749ac7,hey i tried callin u but it wont let me,hey  i tried callin u but it wont let me,neutral,False,False
1592,88b6d952b6,home form school...its a long weekend most ppl would be happy but im not...im still mad and sad about him,home form school...its a long weekend  most ppl would be happy but im not...im still mad and sad about him,neutral,False,False
1597,c10ae302bc,"oh you understand french? well, maybe i exxagerated it a little bit lol but they all want at least 1/2 years of exp. :-/","oh you understand french?  well, maybe i exxagerated it a little bit lol but they all want at least 1/2 years of exp. :-/",neutral,False,False
1601,787df2fd0f,"home! day scale from one to ten is an 8 **** i feel old compare to him, haha so cute.","home! day scale from one to ten is an 8  **** i feel old compare to him, haha so cute.",neutral,False,False
1607,af706b4c58,dhellohannah5 can you please follow me i need more followers haha,dhellohannah5 can you please follow me  i need more followers haha,neutral,False,False
1625,d11816c1c7,is missing the fun she had with _army at eclipse 3 #sarmy #sarmy #sarmy,is missing the fun she had with _army at eclipse 3  #sarmy #sarmy #sarmy,neutral,False,False
1637,2d361cdd4d,i have it. hehehehe u want the torrent?,i have it.  hehehehe u want the torrent?,neutral,False,False
1640,d682402e60,"wow, hugh jackman totally bulked up for wolverine. so so movie...but helloooo nurse! he`s dreeaamy yup, my crushed spirit is on the mend.","wow, hugh jackman totally bulked up for wolverine. so so movie...but helloooo nurse! he`s dreeaamy  yup, my crushed spirit is on the mend.",neutral,False,False
1641,2983528f77,_amr i`m here haha,_amr i`m here  haha,neutral,False,False
1644,fc6128f4e5,"ok i just spent like ïï¿¿½50 on soundtracks, a galaxy class starship and eve online. sigh","ok i just spent like ï¿½50 on soundtracks, a galaxy class starship and eve online. sigh",neutral,False,False
1649,1ee5496252,and if i lived in usa i would gotto 2 go to 106 park ma aunty lives in nyc the bronx grrr,and if i lived in usa i would gotto 2 go to  106 park ma aunty lives in nyc the bronx grrr,neutral,False,False
1660,eeff416e05,is heading in to london to meet with and let us know if you`re about still not sure what time we`re meeting.....,is heading in to london to meet with  and  let us know if you`re about  still not sure what time we`re meeting.....,neutral,False,False
1677,b733d36b6e,i know... it`s already been two weeks!,i know...  it`s already been two weeks!,neutral,False,False
1684,2c4b87059b,is never around for the sl100 quiz i want water park tickets waaaa,is never around for the sl100 quiz   i want water park tickets waaaa,neutral,False,False
1687,5f4e052208,doing a rainbow and unicorn film then? #48hours,doing a rainbow and unicorn film then?  #48hours,neutral,False,False
1718,0b8b37ba52,chris came over for exactly one hour i moped around after he left and ended up falling asleep.,chris came over for exactly one hour  i moped around after he left and ended up falling asleep.,neutral,False,False
1724,349251e2a4,"my hubby. promised job promotion so we didn`t move, signed a new lease n they withdrew the promotion...","my hubby.  promised job promotion so we didn`t move, signed a new lease n they withdrew the promotion...",neutral,False,False
1730,440e8fc447,hockey was so fukinï¿¿½ good **** you hole! xd,hockey was so fukinï¿½ good  **** you hole! xd,neutral,False,False
1736,915ce84b4b,too bad i can`t come! enjoy urself tho.,too bad i can`t come!  enjoy urself tho.,neutral,False,False
1737,4d194d770c,watching et today! <3 supposed to have a clip from new moon hating drag me to hell,watching et today!  <3 supposed to have a clip from new moon  hating drag me to hell,neutral,False,False
1741,1c14b45cee,"house probably resembling your kind of heaven no? maybe ciaran`s angels have moved in with you, hence inability to locate!","house probably resembling your kind of heaven no?  maybe ciaran`s angels have moved in with you, hence inability to locate!",neutral,False,False
1749,d664f99182,rotc brought a climbing wall to work for coworkers to try and climb if they wanted. i forgot my climbing shoes at home today.,rotc brought a climbing wall to work for coworkers to try and climb if they wanted.  i forgot my climbing shoes at home today.,neutral,False,False
1753,86a28f67e9,_x yepp. do you like dylan or cole better?,_x yepp.  do you like dylan or cole better?,neutral,False,False
1756,9e8665abc5,dang i left my rolando`s dinner leftovers at home! i knew i should have put them in the shop fridge last night before we left downtown!,dang  i left my rolando`s dinner leftovers at home! i knew i should have put them in the shop fridge last night before we left downtown!,neutral,False,False
1761,dcb745bcf2,woke up an hour early just to study for a test,woke up an hour early just to study for        a test,neutral,False,False
1762,cb1a68137c,they open at 9 a.m. and i hope to be there shortly after that. no guarantees for me though!,they open at 9 a.m.   and i hope to be there shortly after that.   no guarantees for me though!,neutral,False,False
1763,a4d578eeb1,"is at work.... boo! the pin-ups will be playing at uncommon ground wednesday night at 9 p.m.! (1401 w. devon ave., chicago 60660","is at work....  boo!  the pin-ups will be playing at uncommon ground wednesday night at 9 p.m.! (1401 w. devon ave., chicago 60660",neutral,False,False
1771,5a3c9bf459,was just about to try and dl the sims 3 but realize my pc don`t meet the standard requirements i need new pc lol!!!,was just about to try and  dl the sims 3 but realize my pc don`t meet the standard requirements  i need new pc lol!!!,neutral,False,False
1776,06aaa8e680,at an 80``s retro prom wishing he was here to dance with! i`m gonna miss his great dancing 2nite but still having a blast & a few drinks,at an 80``s retro prom wishing he was here to dance with!  i`m gonna miss his great dancing 2nite  but still having a blast & a few drinks,neutral,False,False
1784,bdf9453e5e,"yeah, i`ve seen that before, funny *hey honey, jill just sent me a **** in a box*","yeah, i`ve seen that before, funny   *hey honey, jill just sent me a **** in a box*",neutral,False,False
1791,5aa568e0a4,"i`ll be one of your 'groovy guys' any time, shortie short #photofollows","i`ll be one of your 'groovy guys' any time, shortie short  #photofollows",neutral,False,False
1797,ed539778c1,"to be really really... not bored but bad, i won`t know the news but thats ok. brb x","to be really really... not bored but bad, i won`t know the news  but thats ok. brb x",neutral,False,False
1819,ecaa478ef4,same. was going to try warm milk but i`m lactose intolerant haha.,same. was going to try warm milk but i`m lactose intolerant  haha.,neutral,False,False
1832,470f2669c4,well being a retired drummer i can do my own drum roll so all you need to do is read my posts since they take a ton of time lol,well being a retired drummer i can do my own drum roll so all you need to do is read my posts since they take a ton of time  lol,neutral,False,False
1849,1c2a41d71e,at work at the mo and it`s so sunny here today off to see a band tonight!!,at work at the mo and it`s so sunny here today   off to see a band tonight!!,neutral,False,False
1862,5de3c34293,i am the only arabic girl who`s online every one is a sleep ..,i am the only arabic girl who`s online  every one is  a sleep ..,neutral,False,False
1864,9d187014d5,good morning... iï¿¿½m soooo tierd,good morning... iï¿½m soooo tierd,neutral,False,False
1880,07a8205fee,i wanna be at bea as well!!!! #bea09,i wanna be at bea as well!!!!   #bea09,neutral,False,False
1904,eaf8a522e9,arrr bummer who do you want to win?,arrr bummer  who do you want to win?,neutral,False,False
1932,b1ddb9811e,_fizz he`s really not into new people i dunno em but he said he`d try,_fizz he`s really not into new people  i dunno em but he said he`d try,neutral,False,False
1933,e30721df0d,at the concert! i hope makes a guest appearance,at the  concert! i hope  makes a guest appearance,neutral,False,False
1938,19365e33a0,july!,july!!!!,neutral,False,False
1947,10502f22bf,"it`s not sad. to tweet is to twitter, not someone misspronouncing a word kto make it fit a card. i would have tweeted it.","it`s not sad. to tweet is to twitter, not someone misspronouncing a word kto make it fit a card.  i would have tweeted it.",neutral,False,False
1949,5be9ccda69,nooooo!!!!! dont you dare! lol =( im gonna cry i <3 your hair!,nooooo!!!!! dont you dare! lol =( im gonna cry  i <3 your hair!,neutral,False,False
1954,2cec07986b,"perth - ford - falcon - 1997 - $3,500 - new ad received and will be posted on the hcc site soon","perth - ford - falcon - 1997 - $3,500  - new ad received and will be posted on the hcc site soon",neutral,False,False
1962,2a2c1635c8,639 baby! god its sad really oh well lifes a partaaay! xxxxxxxxxx,639 baby! god its sad really  oh well lifes a partaaay! xxxxxxxxxx,neutral,False,False
1971,e05fd863d4,lester? guessed her? yester-day? you can think of something. no cop outs now.,lester?  guessed her?  yester-day?  you can think of something.  no cop outs now.,neutral,False,False
1974,b4031d0753,"yay me! but, what in particular?","yay me!  but, what in particular?",neutral,False,False
1975,e7a0f7ac99,i have to work but i`ll just watch it later.. even though it`s not the same.,i have to work  but i`ll just watch it later.. even though it`s not the same.,neutral,False,False
1978,0d45e4e926,"wide awake, scoffed 3/4`s of a pizza and feel like a sumo such a weak day! run tomorrow","wide awake, scoffed 3/4`s of a pizza and feel like a sumo  such a weak day! run tomorrow",neutral,False,False
1982,6769efef8a,yes its the twins so i wontt be watching,yes its the twins  so i wontt be watching,neutral,False,False
1998,9f9a4e2bb2,"at tweetup loc, but don`t recognize anyone am outside in turquoise shirt. please see me! #g4c09","at tweetup loc, but don`t recognize anyone  am outside in turquoise shirt. please see me! #g4c09",neutral,False,False
2003,81de3c6143,"the day started so wonderful, but now our kids our crying because our kitty is missing we just got back from posting signs around.","the day started so wonderful, but now our kids our crying because our kitty is missing  we just got back from posting signs around.",neutral,False,False
2005,f02bdad05e,not sure where the real state market is moving confused either hold or go ahead with the plans?,not sure where the real state market is moving  confused either hold or go ahead with the plans?,neutral,False,False
2006,f57f3b6265,i know how annoying that can be! but theres a german saying`pleasant anticipation is the greatest pleasure`(own translation),i know how annoying that can be!  but theres a german saying`pleasant anticipation is the greatest pleasure`(own translation),neutral,False,False
2013,ab5b510355,my denny`s shut down in the winter. i have to do 50 miles to get to one now.,my denny`s shut down in the winter.  i have to do 50 miles to get to one now.,neutral,False,False
2022,f6e3a6dd55,_claire lol i will buy u some big star wars pants 4 xmas !!!,_claire lol  i will buy u some big star wars pants 4 xmas !!!,neutral,False,False
2032,9f7da3aa4a,_08 hell yeah! i missed u last nite lol do u like my opinion?,_08 hell yeah! i missed u last nite  lol do u like my opinion?,neutral,False,False
2040,f61d7dbd8b,yeahh those two times we`ve stood next to each other were special times...,yeahh  those two times we`ve stood next to each other were special times...,neutral,False,False
2042,6be041409c,that songs on tays vid katy perry.,that songs on tays vid  katy perry.,neutral,False,False
2049,903cce2dcd,whoooooo i`m gettin` extra hours today afterwards i`m gonna see if i can get some marigolds for my mum ^^,whoooooo i`m gettin` extra hours today    afterwards i`m gonna see if i can get some marigolds for my mum ^^,neutral,False,False
2055,a4ee41dc64,my replacement iron ring arrived. it`s shiny. and a bit more jagged than the original,my replacement iron ring arrived.  it`s shiny.  and a bit more jagged than the original,neutral,False,False
2069,a8bf8239bd,"if i skipped, that could get messy rofl","if i skipped, that could get messy   rofl",neutral,False,False
2078,20a5175d49,i will have to see the unveiling of your new lr arrangement! is there an official event planned,i will have to see the unveiling of your new lr arrangement!  is there an official event planned,neutral,False,False
2080,b7299d0e70,i hear you. i can`t think of a layout either. lol i`ve been trying for i dont know how long.,i hear you. i can`t think of a layout either.  lol i`ve been trying for i dont know how long.,neutral,False,False
2097,79e7a9ed8e,did you google it too? or maybe you actually knew the answer lol ps put uo the pics already from last night im getting anxious,did you google it too? or maybe you actually knew the answer lol ps put uo the pics already from last night  im getting anxious,neutral,False,False
2099,b0cae38eb0,woop right am off to 'try' to get 2 sleep haha its 2 hot have a good nightt x,woop right am off to 'try' to get 2 sleep haha its 2 hot  have a good nightt x,neutral,False,False
2123,3da6270b02,i hide my berry like a slave regularly only today i was caught by massa & im def not light enough to be a juice pouring slave,i hide my berry like a slave regularly only today i was caught by massa   & im def not light enough to be a juice pouring slave,neutral,False,False
2127,95189cd3a8,warmed up nicely outside. sucks being stuck inside coding,warmed up nicely outside.  sucks being stuck inside coding,neutral,False,False
2138,0e3d0b5ab5,"guys, follow for the rx twitterwar!!!! dd go ginoooo!!!","guys, follow  for the rx twitterwar!!!! dd go ginoooo!!!",neutral,False,False
2142,64b8d96644,i get the feeling is going to make me wait until i get home to tell me i`m denied vittles from bww.,i get the feeling  is going to make me wait until i get home to tell me i`m denied vittles from bww.,neutral,False,False
2150,32b2c8b924,"aww stanley, have you still got him, they can live for like 20 years right? x","aww stanley, have you still got him, they can live for like 20 years right?  x",neutral,False,False
2165,7bad0b9772,oh poor you atleast get paid for staying back or?,oh poor you  atleast get paid for staying back or?,neutral,False,False
2166,c6881ba0e1,ghunghte mein chanda hai phir bhi hai phela chaaron aur ujala i love that songggggg ps i got lost in morrisons,ghunghte mein chanda hai phir bhi hai phela chaaron aur ujala i love that songggggg ps  i got lost in morrisons,neutral,False,False
2175,3ba549158f,me too what are you doing?,me too  what are you doing?,neutral,False,False
2181,8f851c59f6,- halla!!! doing ok- got a cold but trying to ignore it how about you?,- halla!!! doing ok- got a cold but trying to ignore it  how about you?,neutral,False,False
2184,3775f77081,having my dinner. eating bangus. it`s a fish.,having my dinner. eating bangus.  it`s a fish.,neutral,False,False
2196,dd77d3f5cd,i know im wrong .. just give me one more chance senti .. :],i know im wrong .. just give me one more chance   senti .. :],neutral,False,False
2206,4aac092937,oooh gosh google wave is looking pretty sexy. lunch time`s over though back to powerpoint (significantly less sexy),oooh gosh google wave is looking pretty sexy. lunch time`s over though  back to powerpoint (significantly less sexy),neutral,False,False
2214,1d5d10eedf,i hate the exams . first time and last time in this school then i`m out ! after 10 years! yaaaay !,i hate the exams . first time and last time in this school  then i`m out ! after 10 years! yaaaay !,neutral,False,False
2240,e1db1eab6e,"finally x-men origins: wolverine arrived, time to play the game like a mad man, and then it`s time for the review /patrick","finally x-men origins: wolverine arrived, time to play the game like a mad man, and then it`s time for the review  /patrick",neutral,False,False
2266,dfe5909132,imma miss dem kobe nd bron commrcials wen cleveland get knocked out doe they wer funny,imma miss dem kobe nd bron commrcials wen cleveland get knocked out doe  they wer funny,neutral,False,False
2271,fe9c9f7f2f,really am sorry becausei was looking forward to it.. thought itd be fun and u wanted to hear it.iowe u a beer.,really am sorry becausei was looking forward to it.. thought itd be fun  and u wanted to hear it.iowe u a beer.,neutral,False,False
2285,5955233380,heyy. how are you?,heyy.  how are you?,neutral,False,False
2288,5d9e44e6aa,just saw up it was a cute movie (:passed by a place called a peasants kitchen. wtf? that names kinda sad,just saw up  it was a cute movie (:passed by a place called a peasants kitchen. wtf? that names kinda sad,neutral,False,False
2295,3911f274d6,on the way back to dublin omg didnt hit the bed until 530 so i am so sleepy but once again on the road back to good ole dublin :-p ...,on the way back to dublin omg didnt hit the bed until 530  so i am so sleepy   but once again on the road back to good ole  dublin :-p ...,neutral,False,False
2311,054d16c70d,"i can`t say i`ve tried, but then again, i haven`t tried with a sword either not yet, anyway.","i can`t say i`ve tried, but then again, i haven`t tried with a sword either   not yet, anyway.",neutral,False,False
2317,39f74c5153,i`m going to estonia! woohoo!!,i`m going to estonia!  woohoo!!,neutral,False,False
2321,3f09fa2af2,my new site is stuck in the google sandpit now test of my skills until it comes back out!,my new site is stuck in the google sandpit now  test of my skills until it comes back out!,neutral,False,False
2347,3b5d1cc375,and why are u two fighting.,and  why are u two fighting.,neutral,False,False
2350,38d2b216c7,watching h&a! got new photos for myy room waiting for ulise to get home.,watching h&a! got new photos for myy room  waiting for ulise to get home.,neutral,False,False
2358,5b6212874a,"penguins win in ot, probably why you were busy. one more game to win.","penguins win in ot, probably why you were busy.  one more game to win.",neutral,False,False
2362,3d22669847,"eh, june 15th are you going to the signing on the 18th, i think it is? x","eh, june 15th  are you going to the signing on the 18th, i think it is? x",neutral,False,False
2381,5cc015ed85,not quite as much...hmmm products in us that are not in canada?? idk do you have covergirl?,not quite as much...hmmm products in us that are not in canada?? idk  do you have covergirl?,neutral,False,False
2404,a3893b1fce,up and at`m getting ready for work,up and at`m   getting ready for work,neutral,False,False
2424,eaa096c532,i am soooo disapoointed i couldn`t make it i will be there next time! glad it was productive.,i am soooo disapoointed i couldn`t make it  i will be there next time! glad it was productive.,neutral,False,False
2440,60fbd17c2f,"- i read that as follows: 'i`m a what?! what`d i do? yes, she is rather simple. i miss you dicks too... '","- i read that as follows: 'i`m a what?! what`d i do? yes, she is rather simple. i miss you dicks too...   '",neutral,False,False
2449,d4834cfc49,early mother`s day dinner with the family,early mother`s day dinner with the  family,neutral,False,False
2456,4f2bf0e4b8,hey every1! do yesterday was my prom and it was the best. i wanna go back in time :] ima miss every new picks up soon myspace.com/risound,hey every1! do yesterday was my prom and it was the best. i wanna go back in time :] ima miss every  new picks up soon myspace.com/risound,neutral,False,False
2485,bc3d152a07,"friday night magic last night, i lost so bad i suck at draft","friday night magic last night, i lost so bad  i suck at draft",neutral,False,False
2500,570c1a92c9,what`s up my homieeeeeeeeeee ???? i miss you live last night i hope your on tonight . i will hit you up cutie,what`s up my homieeeeeeeeeee ???? i miss you live last night  i hope your on tonight . i will hit you up cutie,neutral,False,False
2510,67447c7a51,babe i`m just **** around! just bored! no need to worry,babe i`m just **** around!  just bored!  no need to worry,neutral,False,False
2517,cfa90fa221,nearly ran over a pheasant on the driving lesson baws.,nearly ran over a pheasant on the driving lesson  baws.,neutral,False,False
2527,e3a8728252,absolutely! i have a 'his view' section on my site.. i know you`re busy but you are more than welcome to guest post,absolutely!  i have a 'his view' section on my site.. i know you`re busy but you are more than welcome to guest post,neutral,False,False
2536,484373037f,i`ll be at the new movie showing at the franklin on thursday night. several of the sla faculty will be in attendance.,i`ll be at the new movie showing at the franklin on thursday night.  several of the sla faculty will be in attendance.,neutral,False,False
2545,3b26122664,most name brands have dairy even if it`s called `semi-sweet` or `dark`. i`ll try to get some in the helloveggies store!,most name brands have dairy even if it`s called `semi-sweet` or `dark`.  i`ll try to get some in the helloveggies store!,neutral,False,False
2547,e818eb3851,shop then work time see yas laterz x,shop then work time  see yas laterz x,neutral,False,False
2548,3c58b704f2,just finished down loading aim6.9 and guess what! i can get updates from twitter on it! message me at: i am katie arttt,just finished down loading aim6.9 and guess what! i can get updates from twitter on it!  message me at: i am katie arttt,neutral,False,False
2563,96f3650135,got live last night at our vid comin soonnn,got live last night at our  vid comin soonnn,neutral,False,False
2566,226df3194c,"yay, watching supernatural .. great way to end a hard day. i miss you jesse.","yay, watching supernatural   .. great way to end a hard day. i miss you jesse.",neutral,False,False
2573,55210b6e39,"baha, i`m gonna have to find some! i dont think we took any d: but i`m gonna find some!","baha, i`m gonna have to find some!  i dont think we took any d: but i`m gonna find some!",neutral,False,False
2580,3eacf08209,sun has been making me happy =] shame about work tonight x,sun has been making me happy =] shame about work tonight  x,neutral,False,False
2582,e78f6d920b,good day in the sun... little bit burnt tho... well actualy quite alot very sore heh,good day in the sun... little bit burnt tho... well actualy quite alot  very sore  heh,neutral,False,False
2593,70fa6e0152,i didn`t get a callback for the play i cried... oh well i guess it`s back to being a techie..,i didn`t get a callback for the play i cried...  oh well i guess it`s back to being a techie..,neutral,False,False
2617,632ea65f37,i missed u. stop defending urself. your true fans are with u u`re the best. and for me u didn`t change. -ur biggest french fan!,i missed u. stop defending urself. your true fans are with u  u`re the best. and for me u didn`t change. -ur biggest french fan!,neutral,False,False
2619,3cf7d3cbea,stayed home from school today doctors sooooon.,stayed home from school today   doctors sooooon.,neutral,False,False
2639,00688f0441,yo somebody`s mother just came to the club dresses like she`s going straight to church after the club! i feel like i`m going to hell 4 @,yo somebody`s mother just came to the club dresses like she`s going straight to church after the club! i feel like i`m going to hell 4  @,neutral,False,False
2649,ecc56a776a,"most definitely will! also, i wanted to say 'perfect time' was my favorite track! it seriously made me tear up!","most definitely will!  also, i wanted to say 'perfect time' was my favorite track! it seriously made me tear up!",neutral,False,False
2654,fc0d5427f8,it`s raining i can`t go out to jogging... i have to do it in my house gym...,it`s raining  i can`t go out to jogging... i have to do it in my house gym...,neutral,False,False
2668,d948eb5d1e,"oooommmmggg, you probs will, too busy to slay properly for a while hopefully i`ll stay ahead doing 1 task a week!","oooommmmggg, you probs will, too busy to slay properly for a while  hopefully i`ll stay ahead doing 1 task a week!",neutral,False,False
2681,a42e148220,it`s such a romantic novel!! i cried in the end now i`m going to bed. i`m so tired.,it`s such a romantic novel!! i cried in the end  now i`m going to bed. i`m so tired.,neutral,False,False
2683,96a8112f12,"it`ll be close, but hopefully they can figure it out they`ll be eating nothing but those cookies for the week tho.","it`ll be close, but hopefully they can figure it out  they`ll be eating nothing but those cookies for the week tho.",neutral,False,False
2685,18219a326d,really? awesome..im mad cuz my followers r goin down *take a breath*,really? awesome..im mad cuz my followers r goin down  *take a breath*,neutral,False,False
2688,d24bdd2844,"i agree, however i can`t sell until i`m a full brick & motar store... soon though hopefully","i agree, however i can`t sell  until i`m a full brick & motar store...  soon though hopefully",neutral,False,False
2689,1b4612b286,i have a job at camp!! only downfall? no midnight showing of harry potter for me,i have a job at camp!!  only downfall? no midnight showing of harry potter for me,neutral,False,False
2695,943b1558e1,let me guess.... antiques & collectibles? anywhere else you`d like to be?,let me guess.... antiques & collectibles?  anywhere else you`d like to be?,neutral,False,False
2702,da39cbf3e8,"_jlh lol that`s a special kind of magic, though! ;) and did you see the special on discovery? they think nessie died.","_jlh lol that`s a special kind of magic, though! ;)  and did you see the special on discovery?  they think nessie died.",neutral,False,False
2703,3d054d1072,:o and i missed it? and i`ll miss the rpt 2mrw oh well there`s youtube sunday i guess. thanks andrew,:o and i missed it? and i`ll miss the rpt 2mrw  oh well there`s youtube sunday i guess. thanks andrew,neutral,False,False
2761,7f4a82153d,i ... think ... i read `strawberries` its hard to have a fav char in your comics: i like bad rabbit and the `stud` chic - sent to kid,i ... think ... i read `strawberries`  its hard to have a fav char in your comics: i like bad rabbit and the `stud` chic - sent to kid,neutral,False,False
2762,84548ab6e2,your the supporter its totally up to you,your the supporter  its totally up to you,neutral,False,False
2781,93b34b1964,i skyped u las nite,i skyped u  las nite,neutral,False,False
2785,a1b435d7b2,is obsessing over chris pine heehee...,is obsessing over chris pine  heehee...,neutral,False,False
2825,61fde0e7e6,"i hear it`s a scorcher back home - all we`ve got here are clouds back in the studio, maybe if we`re lucky we might get 2 songs done 2day!","i hear it`s a scorcher back home - all we`ve got here are clouds  back in the studio, maybe if we`re lucky we might get 2 songs done 2day!",neutral,False,False
2828,d79f6eda9d,nope. it`s been years since it`s happened like this.,nope.  it`s been years since it`s happened like this.,neutral,False,False
2832,33745d82ff,i`ll have to be more creative in choosing my next alias. adding the n to the front obviously was not stealthy enought.,i`ll have to be more creative in choosing my next alias.  adding the n to the front obviously was not stealthy enought.,neutral,False,False
2833,59b63d3b0f,"_s tried to reply back to you, but you need to follow me for me to dm - we have many friends in common is the short answer","_s  tried to reply back to you, but you need to follow me for me to dm - we have many friends in common is the short answer",neutral,False,False
2834,032fc2b3a2,"i bought a leica m8, charger arrived doa. called leica, got transferred around and left a vm. atleast the rf isn`t misaligned...","i bought a leica m8, charger arrived doa. called leica,  got transferred around and left a vm.  atleast the rf isn`t misaligned...",neutral,False,False
2851,f87b8847a9,i want to get super pretty and i want a cig,i want to get super pretty  and i want a cig,neutral,False,False
2854,f446d26bfc,is going to school. leave me stuff.,is going to school.  leave me stuff.,neutral,False,False
2857,16fd300910,ive been passed out drunk for the passed couple of hours. good to go now,ive been passed out drunk for the passed couple of hours.  good to go now,neutral,False,False
2862,2b18f3c81f,im so tired and sick i have to be better on sunday so i can sing morning and night,im so tired and sick  i have to be better on sunday so i can sing morning and night,neutral,False,False
2870,41bb347c8c,the 3d version of up sold out regular version it is!,the 3d version of up sold out   regular version it is!,neutral,False,False
2873,34533b5903,finally-- now i am me again. i had to use internet explorer. firefox issues back to normal tweeting.,finally-- now i am me again.  i had to use internet explorer.  firefox issues   back to normal tweeting.,neutral,False,False
2902,bd4c861cc2,"unfortunatly, just about to start making my way home but via singapore for a gig too, so fun ain`t over just yet ;)","unfortunatly, just about to start making my way home  but via singapore for a gig too, so fun ain`t over  just yet ;)",neutral,False,False
2911,3dd127f4af,hey hunnie how are u?? i miss talkin to u! ty for the follow,hey hunnie  how are u?? i miss talkin to u! ty for the follow,neutral,False,False
2916,472fc56661,ahhhhh processing shipment sooooooo much!!!!!,ahhhhh processing shipment  sooooooo much!!!!!,neutral,False,False
2918,6a784b0c72,my poor baby girl is poorly x,my poor baby girl is poorly  x,neutral,False,False
2924,32a34847dc,is all mine #twpp #shadez,is all mine  #twpp #shadez,neutral,False,False
2931,1e7bb0e6dc,hahaha! yes i am! lil jon is the freakin jizzle! u know i named my 1st puppy after u? lil jizzle...remember? lol...xoxox,hahaha! yes i am!  lil jon is the freakin jizzle! u know i named my 1st puppy after u? lil jizzle...remember? lol...xoxox,neutral,False,False
2938,e62ebf8ec0,"go to mid valley la **** haha! never mind la, i don`t wanna go with you anyways","go to mid valley la ****  haha! never mind la, i don`t wanna go with you anyways",neutral,False,False
2951,3c343d4e1e,hmm icecream for breakfast #springtime,hmm icecream for breakfast  #springtime,neutral,False,False
2958,6c5002df01,perkinz.. idk wat after dat tho. maybe sum ****. lol,perkinz..  idk wat after dat tho. maybe sum ****. lol,neutral,False,False
2972,2ee99fc907,morning how are you?,morning  how are you?,neutral,False,False
2981,0690c4b873,???! #mandarinmonday,???!  #mandarinmonday,neutral,False,False
2996,c5698ba3eb,hehe his name was jack dawson & he died on the titanic u c that movie miley?im watching it rite now. amazing.tell leo i<3him!,hehe his name was jack dawson & he died on the titanic  u c that movie miley?im watching it rite now. amazing.tell leo i<3him!,neutral,False,False
3020,0197e3ebbc,i need to make more of an effort to meet some of my best online friends like <3 but **** the money it costs d:,i need to make more of an effort to meet some of my best online friends like   <3 but **** the money it costs d:,neutral,False,False
3046,f637b48a5c,back home after a funeral for my wife`s grandfather today. now its time for homework,back home after a funeral for my wife`s grandfather today.  now its time for homework,neutral,False,False
3056,128a73fbfd,"i`ll get my size 40`s out now, straight to the post office see you later, hun","i`ll get my size 40`s out now, straight to the post office  see you later, hun",neutral,False,False
3060,9508aeca0c,ok love you girls. but work beckons. will come back later for #twpp,ok      love you girls. but work beckons.  will come back later for #twpp,neutral,False,False
3068,d08af78eef,in august with anberlin. they`re not headlining though and yes there is a perth show,in august with anberlin. they`re not headlining though  and yes there is a perth show,neutral,False,False
3069,fdd3a09897,got some new clothes and series one of supernatural on dvd,got some new clothes  and series one of supernatural on dvd,neutral,False,False
3075,cf1ea9af3b,thats terrible i enjoy being with you every minute!,thats terrible  i enjoy being with you every minute!,neutral,False,False
3100,d881666768,"i know, don`t tell anyone i dont know if my dad told the famz yet. i think i`m taking it online.","i know, don`t tell anyone  i dont know if my dad told the famz yet. i think i`m taking it online.",neutral,False,False
3119,25ea895560,i`ve been sneezing and felt like a train-wreck for the last two weeks myself. but it`s not piggystuff. so we`re good then.,_g: i`ve been sneezing and felt like a train-wreck for the last two weeks myself. but it`s not piggystuff.  so we`re good then.,neutral,False,False
3147,b9ade6591a,delegate i am now eating pate on toast a my wife is editing yesterday`s engagement shoot ;),delegate  i am now eating pate on toast a my wife is editing yesterday`s engagement shoot ;),neutral,False,False
3159,9dec21d822,"hahah, did i hear mvp chants in atlanta`s arena? at least they get it right there, unlike at staples","hahah, did i hear mvp chants in atlanta`s arena?  at least they get it right there, unlike at staples",neutral,False,False
3172,1f9663bb46,guys will go see constance logically,guys will go see constance 	 logically,neutral,False,False
3173,23d8ccab77,did not sleep a wink last night x,did not sleep a wink last night  x,neutral,False,False
3174,f59bbec4a3,// i feel your pain. i once lived in an apt for 6 mos where the previous tenant had 4 cats. burning eyes/tight lungs = gregg,// i feel your pain. i once lived in an apt for 6 mos where the previous tenant had 4 cats. burning eyes/tight lungs =  gregg,neutral,False,False
3188,e8d8465eab,"do you have a chronic illness blog? let me know, i`ll post your link on my own www.ptsici.blogspot.com","do you have a chronic illness blog? let me know, i`ll post your link on my own  www.ptsici.blogspot.com",neutral,False,False
3212,981a6f186d,the music video i made for my project for `this city is contagious` by is uploading to youtube now.,the music video i made for my  project for `this city is contagious` by  is uploading to youtube now.,neutral,False,False
3231,8882fae1ac,just watched slumdog millionaire its soo goood i love it :] but its sad!,just watched slumdog millionaire  its soo goood i love it :] but its sad!,neutral,False,False
3244,1944d83437,its headed this way,_serafina85 its headed this way,neutral,False,False
3246,e4ef55358a,on my way to school not feeln this rainy day at all.... but i had lots of fun this weekend ....,on my way to school not feeln this rainy day at all.... but i had lots of fun this weekend  ....,neutral,False,False
3256,1d5318a66f,listening to jesse`s music & on myspace. also getting the hang of twiiter. i feel that i need more followers. don`t be shy!,listening to jesse`s music  & on myspace. also getting the hang of twiiter. i feel that i need more followers.  don`t be shy!,neutral,False,False
3258,5caa73746c,"_traveler i want the tix! oh, right. i`m know where near vacaville ca.","_traveler i want the tix!  oh, right.  i`m know where near vacaville ca.",neutral,False,False
3262,94ba09618a,insomniaa. been trying to sleep for 2 hours . :|,insomniaa.  been trying to sleep for 2 hours . :|,neutral,False,False
3290,edef02e047,wow that`s a big list...lol. i would be happy if i got half of that done. now i feel lazy...thanks. just kidding,_7 wow that`s a big list...lol. i would be happy if i got half of that done. now i feel lazy...thanks. just kidding,neutral,False,False
3292,a35314257a,edgefest! or maybe since you`re driving...,edgefest!  or maybe  since you`re driving...,neutral,False,False
3319,8e2432e61d,"finished work @ midday, had kiddie dinner ... now have no get-up & go ... ah well it`s bank holiday! #fb","finished work @ midday, had kiddie dinner ... now have no get-up & go ... ah well it`s bank holiday!   #fb",neutral,False,False
3321,a00d6e8a18,"hmm, had first pizza in ages and feel a bit sick now that`ll teach me!","hmm, had first pizza in ages and feel a bit sick now  that`ll teach me!",neutral,False,False
3329,415e492cfb,omg cliff richard songs in my mind? just why lol,omg cliff richard songs in my mind? just why  lol,neutral,False,False
3331,18bcba79be,i`ve not had a reply on my topic yet lolz welll its not somethin you could reply too but yanno ;),i`ve not had a reply on my topic yet  lolz welll its not somethin you could reply too but yanno ;),neutral,False,False
3332,f529745a98,woo hoo. sun outside might be able to get some sunset shots tonight... fingers crossed!!!!,woo hoo.  sun outside might be able to get some sunset shots tonight...  fingers crossed!!!!,neutral,False,False
3337,897dab966b,where? u magazine?,where?  u magazine?,neutral,False,False
3347,d0c93e2a81,"stuck in anniston, mississippi. because we got in a car accident :\ now im scared to drive boy drivers ed should be fun this summer d:","stuck in anniston, mississippi. because we got in a car accident :\ now im scared to drive  boy drivers ed should be fun this summer d:",neutral,False,False
3371,bb16d5ae08,curses upon the ridiculously slow internetz at work! the dang image just now loaded...,curses upon the ridiculously slow internetz at work!  the dang image just now loaded...,neutral,False,False
3399,e0589e3ebd,i`m so sorry to hear that you`re in the hospital. hope you`ll be better soon.,i`m so sorry to hear that you`re in the hospital.  hope you`ll be better soon.,neutral,False,False
3400,a4f6100563,a salt pig thing coz she broke her other one! lol do you guys even no wat a salt pig is?,a salt pig thing coz she broke her other one! lol  do you guys even no wat a salt pig is?,neutral,False,False
3406,1af280ac83,"i always have 2 do xtra cleaning b4 leaving... so now were on da road on 2 springhill suites, then cafe 360, yum!","i always have 2 do xtra cleaning b4 leaving... so now were on da road  on 2 springhill suites, then cafe 360, yum!",neutral,False,False
3412,b8547d3835,yup on to mother`s day. any plans for your birthday?,yup  on to mother`s day. any plans for your birthday?,neutral,False,False
3424,7b474b659d,what up? why no tweets. are you also filming in a place w/ no signal? .hmmm.,what up? why no tweets. are you also filming in a place w/ no signal?  .hmmm.,neutral,False,False
3425,73afc6a90d,yeah whatever...in your twisted mind maybe! ;) lol ... oh wait that`s mine too!!,yeah whatever...in your twisted mind maybe! ;) lol  ... oh wait that`s mine too!!,neutral,False,False
3431,46f859bacf,"absolutely tru...the horror of it still washes ovr me sometimes if i think abt the actual last days, but the gd memories go on","absolutely tru...the horror of it still washes ovr me sometimes if i think  abt the actual last days, but the gd memories go on",neutral,False,False
3436,43661e198b,"look up our youtube jessandnicolemusic, we are new, leave comments and subscribe thankyou x","look up our youtube jessandnicolemusic, we are new, leave comments and subscribe  thankyou x",neutral,False,False
3472,863e09ee74,have fun! i am sad to not be with you guys,have fun!  i am sad to not be with you guys,neutral,False,False
3477,5648799bc4,_ellen and she`s 9.5 and a rescue.. bad hips. she deserves pampering! she`s full of life though!!,_ellen and she`s 9.5 and a rescue.. bad hips.    she deserves pampering!  she`s full of life though!!,neutral,False,False
3490,f13fd6b067,`m working on a logo on photoshop & it didn`t work out.. hehe.. try again lah..,`m working on a logo on photoshop & it didn`t work out..  hehe.. try again lah..,neutral,False,False
3501,d24ea15375,it was sunny when i entered the sub-basement. now it`s raining.,it was sunny when i entered the sub-basement.  now it`s raining.,neutral,False,False
3502,c3c168bc80,orange vitamin water 10 is my new addiction u should try it.,orange vitamin water 10 is my new addiction  u should try it.,neutral,False,False
3524,e965e50c60,my hair dresser passed away yesterday from breast cancer she was the greatest hair dresser i`d ever been to!,my hair dresser passed away yesterday from breast cancer  she was the greatest hair dresser i`d ever been to!,neutral,False,False
3528,0bb5b4d19c,"friday evening......what to do, what to do. i have to idea.","friday evening......what to do, what to do.  i have to idea.",neutral,False,False
